http://www.lowes.com/Hidden-Catalogs/Accessible-Home/Reaching-Tools/_/N-1z138z4Z1z0x3hu/pl?Ns=p_product_qty_sales_dollar|1
http://www.lowes.com/Animal-Pet-Care/Livestock-Feeders-Stock-Tanks/Stock-Tank-Float-Valves/_/N-1z138z4Z1z0weq8/pl?Ns=p_product_qty_sales_dollar|1
http://www.lowes.com/Animal-Pet-Care/Pet-Containment-Kennels/Dog-Kennel-Accessories/_/N-1z138z4Z1z0weoa/pl?Ns=p_product_qty_sales_dollar|1
http://www.lowes.com/Animal-Pet-Care/Pet-Containment-Kennels/Wireless-Pet-Fences/_/N-1z138z4Z1z0weo8/pl?Ns=p_product_qty_sales_dollar|1
http://www.lowes.com/Animal-Pet-Care/Pet-Leashes-Collars/Pet-Tie-Out-Stakes/_/N-1z138z4Z1z0wep0/pl?Ns=p_product_qty_sales_dollar|1
http://www.lowes.com/Appliances/Appliance-Parts-Accessories/Wall-Oven-Accessories/_/N-1z138z4Z1z0wd7v/pl?Ns=p_product_qty_sales_dollar|1
http://www.lowes.com/Appliances/Beverage-Centers-Wine-Chillers/Kegerators/_/N-1z138z4Z1z0znbg/pl?Ns=p_product_qty_sales_dollar|1
http://www.lowes.com/Appliances/Microwaves/Microwave-Drawers/_/N-1z138z4Z1z0ynwx/pl?Ns=p_product_qty_sales_dollar|1
http://www.lowes.com/Ranges/Induction-Ranges/Slide-In-Induction-Ranges/_/N-1z138z4Z1z0vrel/pl?Ns=p_product_qty_sales_dollar|1
http://www.lowes.com/Small-Appliances/Blenders-Juicers/Immersion-Blenders/_/N-1z138z4Z1z0zh8p/pl?Ns=p_product_qty_sales_dollar|1
http://www.lowes.com/Small-Appliances/Coffee-Espresso-Tea-Makers/Coffee-Grinders/_/N-1z138z4Z1z0znbk/pl?Ns=p_product_qty_sales_dollar|1
http://www.lowes.com/Small-Appliances/Coffee-Espresso-Tea-Makers/Fully-Automatic-Espresso-Machines/_/N-1z138z4Z1z0zh8t/pl?Ns=p_product_qty_sales_dollar|1
http://www.lowes.com/Small-Appliances/Cookers-Steamers/Food-Steamers/_/N-1z138z4Z1z11ply/pl?Ns=p_product_qty_sales_dollar|1
http://www.lowes.com/Small-Appliances/Cookers-Steamers/Rice-Cookers/_/N-1z138z4Z1z0zh8l/pl?Ns=p_product_qty_sales_dollar|1
http://www.lowes.com/Small-Appliances/Food-Processors-Grinders/Food-Slicers/_/N-1z138z4Z1z0zh8m/pl?Ns=p_product_qty_sales_dollar|1
http://www.lowes.com/Small-Appliances/Indoor-Grills-Skillets-Waffle-Makers/Electric-Skillets/_/N-1z138z4Z1z11pl6/pl?Ns=p_product_qty_sales_dollar|1
http://www.lowes.com/Small-Appliances/Kitchen-Gadgets-Tools/Can-Openers/_/N-1z138z4Z1z11pl9/pl?Ns=p_product_qty_sales_dollar|1
http://www.lowes.com/Small-Appliances/Kitchen-Gadgets-Tools/Electric-Can-Openers/_/N-1z138z4Z1z0wkj9/pl?Ns=p_product_qty_sales_dollar|1
http://www.lowes.com/Small-Appliances/Kitchen-Gadgets-Tools/Electric-Wine-Bottle-Openers/_/N-1z138z4Z1z0zh8d/pl?Ns=p_product_qty_sales_dollar|1
http://www.lowes.com/Small-Appliances/Kitchen-Gadgets-Tools/Vacuum-Sealer-Accessories/_/N-1z138z4Z1z0zh8e/pl?Ns=p_product_qty_sales_dollar|1
http://www.lowes.com/Small-Appliances/Kitchen-Gadgets-Tools/Vacuum-Sealers/_/N-1z138z4Z1z0zh8f/pl?Ns=p_product_qty_sales_dollar|1
http://www.lowes.com/Small-Appliances/Mixers/Stand-Mixers/_/N-1z138z4Z1z0zq64/pl?Ns=p_product_qty_sales_dollar|1
http://www.lowes.com/Small-Appliances/Specialty-Appliances/Popcorn-Machines/_/N-1z138z4Z1z0znby/pl?Ns=p_product_qty_sales_dollar|1
http://www.lowes.com/Small-Appliances/Specialty-Appliances/Specialty-Small-Kitchen-Appliances/_/N-1z138z4Z1z0x51l/pl?Ns=p_product_qty_sales_dollar|1
http://www.lowes.com/Appliances/Wall-Ovens/Double-Gas-Wall-Ovens/_/N-1z138z4Z1z0ynxb/pl?Ns=p_product_qty_sales_dollar|1
http://www.lowes.com/Hidden-Catalogs/Appliances/Water-Coolers/_/N-1z138z4Z1z0yhpy/pl?Ns=p_product_qty_sales_dollar|1
http://www.lowes.com/Automotive/Automotive-Cleaning/Car-Interior-Cleaners/_/N-1z138z4Z1z0x3hd/pl?Ns=p_product_qty_sales_dollar|1
http://www.lowes.com/Hidden-Catalogs/Automotive/Funnels/_/N-1z138z4Z1z0wcmx/pl?Ns=p_product_qty_sales_dollar|1
http://www.lowes.com/Hidden-Catalogs/Automotive/Gas-Cans/_/N-1z138z4Z1z0x2mn/pl?Ns=p_product_qty_sales_dollar|1
http://www.lowes.com/Hidden-Catalogs/Automotive/Power-Inverters/_/N-1z138z4Z1z0x2mb/pl?Ns=p_product_qty_sales_dollar|1
http://www.lowes.com/Hidden-Catalogs/Automotive/Spark-Plugs/_/N-1z138z4Z1z0x2mj/pl?Ns=p_product_qty_sales_dollar|1
http://www.lowes.com/Trailers-Ramps/Trailer-Accessories/Trailer-Hitch-Ball-Mounts/_/N-1z138z4Z1z0x2mx/pl?Ns=p_product_qty_sales_dollar|1
http://www.lowes.com/Bathroom/Bathroom-Vanities-Vanity-Tops/Bathroom-Vanity-Accessories/_/N-1z138z4Z1z0z4gf/pl?Ns=p_product_qty_sales_dollar|1
http://www.lowes.com/Bathroom/Commercial-Bathroom-Components/Commercial-Soap-Dispensers/_/N-1z138z4Z1z0z4ex/pl?Ns=p_product_qty_sales_dollar|1
http://www.lowes.com/Bathroom/Commercial-Bathroom-Components/Paper-Towel-Dispensers/_/N-1z138z4Z1z0z4ev/pl?Ns=p_product_qty_sales_dollar|1
http://www.lowes.com/Bathroom/Commercial-Bathroom-Components/Toilet-Paper-Dispensers/_/N-1z138z4Z1z0z4eu/pl?Ns=p_product_qty_sales_dollar|1
http://www.lowes.com/Decorative-Hardware-Coordinates/Bathroom-Coordinates/Facial-Tissue-Holders/_/N-1z138z4Z1z0y8oh/pl?Ns=p_product_qty_sales_dollar|1
http://www.lowes.com/Decorative-Hardware-Coordinates/Bathtub-Shower-Caddies/Freestanding-Shower-Caddies/_/N-1z138z4Z1z0z4dp/pl?Ns=p_product_qty_sales_dollar|1
http://www.lowes.com/Toilets-Toilet-Seats/Bidets-Bidet-Parts/Bidets/_/N-1z138z4Z1z0x555/pl?Ns=p_product_qty_sales_dollar|1
http://www.lowes.com/Hidden-Catalogs/Books-Magazines/Catalogs/_/N-1z138z4Z1z0wny3/pl?Ns=p_product_qty_sales_dollar|1
http://www.lowes.com/Asphalt-Concrete-Masonry/Asphalt-Repair/Asphalt-Brushes/_/N-1z138z4Z1z0ynuc/pl?Ns=p_product_qty_sales_dollar|1
http://www.lowes.com/Asphalt-Concrete-Masonry/Asphalt-Repair/Asphalt-Squeegees/_/N-1z138z4Z1z0ynue/pl?Ns=p_product_qty_sales_dollar|1
http://www.lowes.com/Building-Supplies/Asphalt-Concrete-Masonry/Concrete-Walkway-Molds/_/N-1z138z4Z1z0zaht/pl?Ns=p_product_qty_sales_dollar|1
http://www.lowes.com/Asphalt-Concrete-Masonry/Mortising-Tools/Brick-Jointers/_/N-1z138z4Z1z0wcnd/pl?Ns=p_product_qty_sales_dollar|1
http://www.lowes.com/Asphalt-Concrete-Masonry/Mortising-Tools/Stucco-Tools/_/N-1z138z4Z1z0wcn9/pl?Ns=p_product_qty_sales_dollar|1
http://www.lowes.com/Building-Supplies/Drywall/Drywall-Ceiling-Textures/_/N-1z138z4Z1z11pv0/pl?Ns=p_product_qty_sales_dollar|1
http://www.lowes.com/Building-Supplies/Drywall/Plaster/_/N-1z138z4Z1z11puw/pl?Ns=p_product_qty_sales_dollar|1
http://www.lowes.com/Building-Supplies/Insulation-Accessories/Stone-Wool-Insulation/_/N-1z138z4Z1z0ztbo/pl?Ns=p_product_qty_sales_dollar|1
http://www.lowes.com/Lumber/Plywood-OSB-Specialty-Panels/Plywood-OSB-Accessories/_/N-1z138z4Z1z10t8e/pl?Ns=p_product_qty_sales_dollar|1
http://www.lowes.com/Roofing-Gutters/Gutters-Accessories/Splash-Blocks/_/N-1z138z4Z1z0ynun/pl?Ns=p_product_qty_sales_dollar|1
http://www.lowes.com/Building-Supplies/Roofing-Gutters/Pipe-Roof-Heat-Cables/_/N-1z138z4Z1z0zh61/pl?Ns=p_product_qty_sales_dollar|1
http://www.lowes.com/Building-Supplies/Siding-Stone-Veneer/Fascia/_/N-1z138z4Z1z0zxcp/pl?Ns=p_product_qty_sales_dollar|1
http://www.lowes.com/Building-Supplies/Siding-Stone-Veneer/Siding-Tools/_/N-1z138z4Z1z0xzpl/pl?Ns=p_product_qty_sales_dollar|1
http://www.lowes.com/Building-Supplies/Ventilation/Air-Deflectors-Vent-Covers/_/N-1z138z4Z1z0x517/pl?Ns=p_product_qty_sales_dollar|1
http://www.lowes.com/Hidden-Catalogs/Camping-Hunting/_/N-1z138z4Z1z0x57u/pl?Ns=p_product_qty_sales_dollar|1
http://www.lowes.com/Cleaning-Tools/Brushes/Tile-Grout-Brushes/_/N-1z138z4Z1z0w5t0/pl?Ns=p_product_qty_sales_dollar|1
http://www.lowes.com/Cleaning-Tools/Brushes/Toilet-Brushes/_/N-1z138z4Z1z0w5sz/pl?Ns=p_product_qty_sales_dollar|1
http://www.lowes.com/Cleaning-Supplies/Drain-Septic-Cleaners/Septic-Cleaners/_/N-1z138z4Z1z0w5ro/pl?Ns=p_product_qty_sales_dollar|1
http://www.lowes.com/Cleaning-Supplies/Floor-Care/Dustpans/_/N-1z138z4Z1z0w5s8/pl?Ns=p_product_qty_sales_dollar|1
http://www.lowes.com/Cleaning-Supplies/Household-Cleaners/Rust-Removers/_/N-1z138z4Z1z0w5tj/pl?Ns=p_product_qty_sales_dollar|1
http://www.lowes.com/Cleaning-Supplies/Household-Cleaners/Upholstery-Cleaners/_/N-1z138z4Z1z0w5ti/pl?Ns=p_product_qty_sales_dollar|1
http://www.lowes.com/Cleaning-Supplies/Kitchen-Cleaners/Cooktop-Cleaners/_/N-1z138z4Z1z0w5rw/pl?Ns=p_product_qty_sales_dollar|1
http://www.lowes.com/Cleaning-Supplies/Kitchen-Cleaners/Countertop-Cleaners/_/N-1z138z4Z1z0w5rv/pl?Ns=p_product_qty_sales_dollar|1
http://www.lowes.com/Cleaning-Supplies/Kitchen-Cleaners/Dishwasher-Rinsing-Agents/_/N-1z138z4Z1z0w5rx/pl?Ns=p_product_qty_sales_dollar|1
http://www.lowes.com/Cleaning-Supplies/Kitchen-Cleaners/Garbage-Disposal-Cleaners/_/N-1z138z4Z1z0w5ru/pl?Ns=p_product_qty_sales_dollar|1
http://www.lowes.com/Cleaning-Supplies/Kitchen-Cleaners/Oven-Cleaners/_/N-1z138z4Z1z0w5rs/pl?Ns=p_product_qty_sales_dollar|1
http://www.lowes.com/Hidden-Catalogs/Drinks-Snacks/Snacks-Candy/_/N-1z138z4Z1z0wkim/pl?Ns=p_product_qty_sales_dollar|1
http://www.lowes.com/Hidden-Catalogs/Drinks-Snacks/Water/_/N-1z138z4Z1z0ww5u/pl?Ns=p_product_qty_sales_dollar|1
http://www.lowes.com/Electrical/Batteries/Car-Battery-Chargers/_/N-1z138z4Z1z0ycgc/pl?Ns=p_product_qty_sales_dollar|1
http://www.lowes.com/Electrical/Conduit-Conduit-Fittings/Conduit-By-the-Foot/_/N-1z138z4Z1z0xc6y/pl?Ns=p_product_qty_sales_dollar|1
http://www.lowes.com/Hidden-Catalogs/Electrical/Electric-Car-Chargers-Accessories/_/N-1z138z4Z1z0wkj6/pl?Ns=p_product_qty_sales_dollar|1
http://www.lowes.com/Electrical/Electrical-Tools/Fish-Tape-Poles/_/N-1z138z4Z1z0yt1w/pl?Ns=p_product_qty_sales_dollar|1
http://www.lowes.com/Electrical/Electrical-Tools/Wire-Pulling-Lubricants/_/N-1z138z4Z1z0yt1v/pl?Ns=p_product_qty_sales_dollar|1
http://www.lowes.com/Electrical/Generators/Generator-Power-Inlet-Boxes/_/N-1z138z4Z1z0x2n4/pl?Ns=p_product_qty_sales_dollar|1
http://www.lowes.com/Home-Audio-Video/Audio-Video-Cable/Audio-Cables/_/N-1z138z4Z1z0yt3o/pl?Ns=p_product_qty_sales_dollar|1
http://www.lowes.com/Home-Audio-Video/Audio-Video-Cable/Component-Video-Cables/_/N-1z138z4Z1z0yt3i/pl?Ns=p_product_qty_sales_dollar|1
http://www.lowes.com/Home-Audio-Video/Audio-Video-Cable/S-Video-Cables/_/N-1z138z4Z1z0yt3m/pl?Ns=p_product_qty_sales_dollar|1
http://www.lowes.com/Home-Audio-Video/Audio-Video-Cable/Speaker-Wire-By-the-Foot/_/N-1z138z4Z1z0xzqc/pl?Ns=p_product_qty_sales_dollar|1
http://www.lowes.com/Home-Audio-Video/Audio-Video-Splitters-and-Connectors/Video-Cable-Switches/_/N-1z138z4Z1z0x7z8/pl?Ns=p_product_qty_sales_dollar|1
http://www.lowes.com/Home-Audio-Video/Speakers/Headphones/_/N-1z138z4Z1z0yt46/pl?Ns=p_product_qty_sales_dollar|1
http://www.lowes.com/Electrical/Home-Automation-Security/Flood-Sensors/_/N-1z138z4Z1z0xzqe/pl?Ns=p_product_qty_sales_dollar|1
http://www.lowes.com/Electrical/Home-Automation-Security/Indoor-Sirens/_/N-1z138z4Z1z0wmqp/pl?Ns=p_product_qty_sales_dollar|1
http://www.lowes.com/Electrical/Home-Automation-Security/Security-Alarm-Key-Fobs/_/N-1z138z4Z1z0yluv/pl?Ns=p_product_qty_sales_dollar|1
http://www.lowes.com/Electrical/Home-Automation-Security/Security-Alarm-Keypads/_/N-1z138z4Z1z0yluw/pl?Ns=p_product_qty_sales_dollar|1
http://www.lowes.com/Electrical/Home-Automation-Security/Security-Cable/_/N-1z138z4Z1z0y4h0/pl?Ns=p_product_qty_sales_dollar|1
http://www.lowes.com/Electrical/Home-Automation-Security/Wireless-Signal-Extenders/_/N-1z138z4Z1z0xzqg/pl?Ns=p_product_qty_sales_dollar|1
http://www.lowes.com/Electrical/Mobile-Devices-Accessories/Styluses/_/N-1z138z4Z1z0x52v/pl?Ns=p_product_qty_sales_dollar|1
http://www.lowes.com/Electrical/Wind-Solar-Power/Charge-Controllers/_/N-1z138z4Z1z0yhpv/pl?Ns=p_product_qty_sales_dollar|1
http://www.lowes.com/Wind-Solar-Power/Portable-Solar-Panels-Kits/Portable-Solar-Power-Kits/_/N-1z138z4Z1z0yhpq/pl?Ns=p_product_qty_sales_dollar|1
http://www.lowes.com/Electrical/Wind-Solar-Power/Solar-Inverters/_/N-1z138z4Z1z0yhp9/pl?Ns=p_product_qty_sales_dollar|1
http://www.lowes.com/Electrical/Wind-Solar-Power/Water-Power/_/N-1z138z4Z1z0y4gw/pl?Ns=p_product_qty_sales_dollar|1
http://www.lowes.com/Flooring-Tools-Accessories/Carpet-Tools-Accessories/Carpet-Knee-Kickers/_/N-1z138z4Z1z0ynt4/pl?Ns=p_product_qty_sales_dollar|1
http://www.lowes.com/Flooring-Tools-Accessories/Carpet-Tools-Accessories/Carpet-Seaming-Irons/_/N-1z138z4Z1z0yntb/pl?Ns=p_product_qty_sales_dollar|1
http://www.lowes.com/Flooring-Tools-Accessories/Tile-Tools-Accessories/Flooring-Floats/_/N-1z138z4Z1z0x51c/pl?Ns=p_product_qty_sales_dollar|1
http://www.lowes.com/Flooring/Laminate-Flooring-Accessories/Laminate-Flooring-Accessories/_/N-1z138z4Z1z11ohc/pl?Ns=p_product_qty_sales_dollar|1
http://www.lowes.com/Flooring/Tile-Stone/Tile-Cleaners/_/N-1z138z4Z1z11oi4/pl?Ns=p_product_qty_sales_dollar|1
http://www.lowes.com/Flooring/Vinyl-Flooring/Sheet-Vinyl/_/N-1z138z4Z1z11oi8/pl?Ns=p_product_qty_sales_dollar|1
http://www.lowes.com/Hidden-Catalogs/Gift-Cards/_/N-1z138z4Z1z0wqla/pl?Ns=p_product_qty_sales_dollar|1
http://www.lowes.com/Hardware/Chains-Ropes-Tie-Downs/Chain-Cable-By-the-Roll/_/N-1z138z4Z1z11ols/pl?Ns=p_product_qty_sales_dollar|1
http://www.lowes.com/Hardware/Chains-Ropes-Tie-Downs/Winches-Accessories/_/N-1z138z4Z1z0y97n/pl?Ns=p_product_qty_sales_dollar|1
http://www.lowes.com/Door-Hardware/Bathtub-Shower-Door-Hardware/Tub-Shower-Door-Handles/_/N-1z138z4Z1z0yk67/pl?Ns=p_product_qty_sales_dollar|1
http://www.lowes.com/Door-Hardware/Door-Knobs-Handlesets/Door-Lock-Accessories/_/N-1z138z4Z1z0xcl9/pl?Ns=p_product_qty_sales_dollar|1
http://www.lowes.com/Door-Hardware/Door-Knobs-Handlesets/Electronic-Entry-Door-Handlesets/_/N-1z138z4Z1z0xclg/pl?Ns=p_product_qty_sales_dollar|1
http://www.lowes.com/Door-Hardware/Door-Knobs-Handlesets/Entry-Door-Interior-Handles/_/N-1z138z4Z1z0xclp/pl?Ns=p_product_qty_sales_dollar|1
http://www.lowes.com/Door-Hardware/Entry-Door-Hardware/Entry-Door-Chain-Guards/_/N-1z138z4Z1z0yk7p/pl?Ns=p_product_qty_sales_dollar|1
http://www.lowes.com/Door-Hardware/Pocket-Door-Hardware/Pocket-Door-Guides/_/N-1z138z4Z1z0yk7l/pl?Ns=p_product_qty_sales_dollar|1
http://www.lowes.com/Door-Hardware/Pocket-Door-Hardware/Pocket-Door-Pulls/_/N-1z138z4Z1z0yk7m/pl?Ns=p_product_qty_sales_dollar|1
http://www.lowes.com/Door-Hardware/Screen-Storm-Door-Hardware/Screen-Door-Storm-Door-Brackets/_/N-1z138z4Z1z0yk70/pl?Ns=p_product_qty_sales_dollar|1
http://www.lowes.com/Door-Hardware/Screen-Storm-Door-Hardware/Screen-Door-Storm-Door-Chain-Stops/_/N-1z138z4Z1z0yk7h/pl?Ns=p_product_qty_sales_dollar|1
http://www.lowes.com/Door-Hardware/Screen-Storm-Door-Hardware/Screen-Door-Storm-Door-Hinges/_/N-1z138z4Z1z0yk7b/pl?Ns=p_product_qty_sales_dollar|1
http://www.lowes.com/Door-Hardware/Sliding-Patio-Door-Hardware/Sliding-Patio-Door-Keepers/_/N-1z138z4Z1z0yk6x/pl?Ns=p_product_qty_sales_dollar|1
http://www.lowes.com/Door-Hardware/Sliding-Patio-Door-Hardware/Sliding-Patio-Door-Latches/_/N-1z138z4Z1z0yk6w/pl?Ns=p_product_qty_sales_dollar|1
http://www.lowes.com/Door-Hardware/Sliding-Patio-Door-Hardware/Sliding-Patio-Door-Panel-Clips/_/N-1z138z4Z1z0yk6q/pl?Ns=p_product_qty_sales_dollar|1
http://www.lowes.com/Fasteners/Anchors/Anchor-Installation-Tools/_/N-1z138z4Z1z0y4hd/pl?Ns=p_product_qty_sales_dollar|1
http://www.lowes.com/Fasteners/Anchors/Drop-In-Anchors/_/N-1z138z4Z1z0y4hk/pl?Ns=p_product_qty_sales_dollar|1
http://www.lowes.com/Fasteners/Bolts/Elevator-Bolts/_/N-1z138z4Z1z0yk5s/pl?Ns=p_product_qty_sales_dollar|1
http://www.lowes.com/Hardware/Fasteners/Machine-Bushings/_/N-1z138z4Z1z0yk27/pl?Ns=p_product_qty_sales_dollar|1
http://www.lowes.com/Fasteners/Nails/Box-Nails/_/N-1z138z4Z1z0yk4d/pl?Ns=p_product_qty_sales_dollar|1
http://www.lowes.com/Fasteners/Nails/Cap-Nails/_/N-1z138z4Z1z0yk4b/pl?Ns=p_product_qty_sales_dollar|1
http://www.lowes.com/Fasteners/Nails/Deck-Nails/_/N-1z138z4Z1z0yk43/pl?Ns=p_product_qty_sales_dollar|1
http://www.lowes.com/Fasteners/Nails/Drywall-Nails/_/N-1z138z4Z1z0yk48/pl?Ns=p_product_qty_sales_dollar|1
http://www.lowes.com/Fasteners/Nails/Joist-Hanger-Nails/_/N-1z138z4Z1z0yk40/pl?Ns=p_product_qty_sales_dollar|1
http://www.lowes.com/Fasteners/Nails/Wire-Nails/_/N-1z138z4Z1z0yk4f/pl?Ns=p_product_qty_sales_dollar|1
http://www.lowes.com/Fasteners/Nuts/Standard-SAE-Castle-Nuts/_/N-1z138z4Z1z0yk2o/pl?Ns=p_product_qty_sales_dollar|1
http://www.lowes.com/Fasteners/Nuts/Standard-SAE-Coupling-Nuts/_/N-1z138z4Z1z0yk2n/pl?Ns=p_product_qty_sales_dollar|1
http://www.lowes.com/Fasteners/Nuts/Standard-SAE-Flange-Nuts/_/N-1z138z4Z1z0yk2m/pl?Ns=p_product_qty_sales_dollar|1
http://www.lowes.com/Fasteners/Nuts/Standard-SAE-Jam-Nuts/_/N-1z138z4Z1z0yk2j/pl?Ns=p_product_qty_sales_dollar|1
http://www.lowes.com/Fasteners/Nuts/Standard-SAE-Spring-Nuts/_/N-1z138z4Z1z0yk2f/pl?Ns=p_product_qty_sales_dollar|1
http://www.lowes.com/Fasteners/Nuts/Standard-SAE-Square-Nuts/_/N-1z138z4Z1z0yk2e/pl?Ns=p_product_qty_sales_dollar|1
http://www.lowes.com/Fasteners/Nuts/Standard-SAE-Wing-Nuts/_/N-1z138z4Z1z0yk2a/pl?Ns=p_product_qty_sales_dollar|1
http://www.lowes.com/Screws/Machine-Screws/Metric-Machine-Screws/_/N-1z138z4Z1z0vrdh/pl?Ns=p_product_qty_sales_dollar|1
http://www.lowes.com/Fasteners/Screws/Structural-Wood-Screws/_/N-1z138z4Z1z0yk37/pl?Ns=p_product_qty_sales_dollar|1
http://www.lowes.com/Hardware/Fasteners/Tacks/_/N-1z138z4Z1z0yk3s/pl?Ns=p_product_qty_sales_dollar|1
http://www.lowes.com/Fasteners/Washers/Metric-Flat-Washers/_/N-1z138z4Z1z0yk5b/pl?Ns=p_product_qty_sales_dollar|1
http://www.lowes.com/Fasteners/Washers/Standard-SAE-Finishing-Washers/_/N-1z138z4Z1z0yk55/pl?Ns=p_product_qty_sales_dollar|1
http://www.lowes.com/Hardware/Furniture-Hardware/Drawer-Slides/_/N-1z138z4Z1z0ykba/pl?Ns=p_product_qty_sales_dollar|1
http://www.lowes.com/Hardware/Safes/Floor-Wall-Safes/_/N-1z138z4Z1z0x3h3/pl?Ns=p_product_qty_sales_dollar|1
http://www.lowes.com/Hardware/Safes/Gun-Safes/_/N-1z138z4Z1z0x3h1/pl?Ns=p_product_qty_sales_dollar|1
http://www.lowes.com/Hardware/Signs-Letters-Numbers/Stencils/_/N-1z138z4Z1z0ykaw/pl?Ns=p_product_qty_sales_dollar|1
http://www.lowes.com/Hardware/Specialty-Hardware/Hole-Plugs/_/N-1z138z4Z1z0yk90/pl?Ns=p_product_qty_sales_dollar|1
http://www.lowes.com/Hardware/Structural-Hardware/Corner-Braces/_/N-1z138z4Z1z0yk8x/pl?Ns=p_product_qty_sales_dollar|1
http://www.lowes.com/Hardware/Structural-Hardware/Round-Metal-Tubes/_/N-1z138z4Z1z0xzpe/pl?Ns=p_product_qty_sales_dollar|1
http://www.lowes.com/Window-Hardware/Awning-Window-Hardware/Awning-Window-Operators/_/N-1z138z4Z1z0ykaj/pl?Ns=p_product_qty_sales_dollar|1
http://www.lowes.com/Window-Hardware/Awning-Window-Hardware/Awning-Window-Parts-Accessories/_/N-1z138z4Z1z0ykal/pl?Ns=p_product_qty_sales_dollar|1
http://www.lowes.com/Hardware/Window-Hardware/Storm-Window-Hardware/_/N-1z138z4Z1z0yka2/pl?Ns=p_product_qty_sales_dollar|1
http://www.lowes.com/Window-Hardware/Window-Screen-Hardware/Window-Screen-Grid-Retainer-Pins/_/N-1z138z4Z1z0yk9u/pl?Ns=p_product_qty_sales_dollar|1
http://www.lowes.com/Fireplaces-Stoves/Chimney-Accessories/Chimney-Parts-Accessories/_/N-1z138z4Z1z0x13x/pl?Ns=p_product_qty_sales_dollar|1
http://www.lowes.com/Fireplaces-Stoves/Fireplace-Logs/Gas-Fireplace-Logs/_/N-1z138z4Z1z0w5uk/pl?Ns=p_product_qty_sales_dollar|1
http://www.lowes.com/Fireplaces-Stoves/Fireplace-Tools-Accessories/Fireplace-Doors/_/N-1z138z4Z1z0w5ug/pl?Ns=p_product_qty_sales_dollar|1
http://www.lowes.com/Hidden-Catalogs/Heating-Cooling/Furnaces-Furnace-Accessories/_/N-1z138z4Z1z0wkiu/pl?Ns=p_product_qty_sales_dollar|1
http://www.lowes.com/Heating-Cooling/Roof-Attic-Ventilation/Whole-House-Fans/_/N-1z138z4Z1z0wmr7/pl?Ns=p_product_qty_sales_dollar|1
http://www.lowes.com/Heating-Cooling/Thermostats/Learning-Thermostats/_/N-1z138z4Z1z0yryw/pl?Ns=p_product_qty_sales_dollar|1
http://www.lowes.com/Holiday-Decorations/Halloween-Decorations/Fog-Bubble-Machine-Solution/_/N-1z138z4Z1z0vwa3/pl?Ns=p_product_qty_sales_dollar|1
http://www.lowes.com/Holiday-Decorations/Halloween-Decorations/Fog-Bubble-Machines/_/N-1z138z4Z1z0vwa2/pl?Ns=p_product_qty_sales_dollar|1
http://www.lowes.com/Holiday-Decorations/Halloween-Decorations/Halloween-Decor-Accessories/_/N-1z138z4Z1z0vwa0/pl?Ns=p_product_qty_sales_dollar|1
http://www.lowes.com/Home-Decor/Bedding/Bed-Risers/_/N-1z138z4Z1z0xzq1/pl?Ns=p_product_qty_sales_dollar|1
http://www.lowes.com/Furniture/Bedroom-Furniture/Armoires/_/N-1z138z4Z1z0zvia/pl?Ns=p_product_qty_sales_dollar|1
http://www.lowes.com/Furniture/Bedroom-Furniture/Jewelry-Armoires/_/N-1z138z4Z1z0zvii/pl?Ns=p_product_qty_sales_dollar|1
http://www.lowes.com/Furniture/Bedroom-Furniture/Mattresses-Boxsprings/_/N-1z138z4Z1z0zvij/pl?Ns=p_product_qty_sales_dollar|1
http://www.lowes.com/Furniture/Dining-Kitchen-Furniture/Wine-Cabinets/_/N-1z138z4Z1z0ztc4/pl?Ns=p_product_qty_sales_dollar|1
http://www.lowes.com/Furniture/Kids-Furniture/Kids-Chairs/_/N-1z138z4Z1z0xzq5/pl?Ns=p_product_qty_sales_dollar|1
http://www.lowes.com/Furniture/Living-Room-Furniture/Accent-Table-Sets/_/N-1z138z4Z1z0yax6/pl?Ns=p_product_qty_sales_dollar|1
http://www.lowes.com/Furniture/Living-Room-Furniture/Sectional-Sofas/_/N-1z138z4Z1z0zu5v/pl?Ns=p_product_qty_sales_dollar|1
http://www.lowes.com/Home-Decor/Window-Treatments/Window-Film-Applicators/_/N-1z138z4Z1z0x51s/pl?Ns=p_product_qty_sales_dollar|1
http://www.lowes.com/Hidden-Catalogs/Kitchen/Cookware/_/N-1z138z4Z1z0wb7s/pl?Ns=p_product_qty_sales_dollar|1
http://www.lowes.com/Kitchen-Bar-Sinks/Bar-Prep-Sinks/Copper-Bar-Prep-Sinks/_/N-1z138z4Z1z0y8pl/pl?Ns=p_product_qty_sales_dollar|1
http://www.lowes.com/Kitchen-Bar-Sinks/Bar-Prep-Sinks/Nickel-Bar-Prep-Sinks/_/N-1z138z4Z1z0xzqh/pl?Ns=p_product_qty_sales_dollar|1
http://www.lowes.com/Lighting-Ceiling-Fans/Ceiling-Lights/Pool-Table-Lighting/_/N-1z138z4Z1z0y8pf/pl?Ns=p_product_qty_sales_dollar|1
http://www.lowes.com/Kitchen-Cabinet-Lighting/Cabinet-Lighting/Halogen-Cabinet-Lights/_/N-1z138z4Z1z0y4gl/pl?Ns=p_product_qty_sales_dollar|1
http://www.lowes.com/Kitchen-Cabinet-Lighting/Under-Cabinet-Power-Systems/Under-Cabinet-Power-System-Speakers/_/N-1z138z4Z1z0xcm1/pl?Ns=p_product_qty_sales_dollar|1
http://www.lowes.com/Lighting-Ceiling-Fans/Lighting-Accessories-Parts/Light-Bulb-Changers/_/N-1z138z4Z1z11zsm/pl?Ns=p_product_qty_sales_dollar|1
http://www.lowes.com/Decking/Cedar-Decking-Components/Cedar-Deck-Railing-Systems/_/N-1z138z4Z1z0wef6/pl?Ns=p_product_qty_sales_dollar|1
http://www.lowes.com/Decking/Redwood-Decking-Components/Redwood-Deck-Balusters/_/N-1z138z4Z1z0wef2/pl?Ns=p_product_qty_sales_dollar|1
http://www.lowes.com/Decking/Redwood-Decking-Components/Redwood-Deck-Railing-Systems/_/N-1z138z4Z1z0weex/pl?Ns=p_product_qty_sales_dollar|1
http://www.lowes.com/Decking/Redwood-Decking-Components/Redwood-Deck-Spindles/_/N-1z138z4Z1z0weez/pl?Ns=p_product_qty_sales_dollar|1
http://www.lowes.com/Decking/Treated-Deck-Components/Treated-Deck-Railing-Systems/_/N-1z138z4Z1z0wefh/pl?Ns=p_product_qty_sales_dollar|1
http://www.lowes.com/Fencing/Electric-Fencing/Electric-Fence-Kits/_/N-1z138z4Z1z0wg5a/pl?Ns=p_product_qty_sales_dollar|1
http://www.lowes.com/Fencing/Farm-Fencing/Farm-Fencing-Tools-Accessories/_/N-1z138z4Z1z0wg52/pl?Ns=p_product_qty_sales_dollar|1
http://www.lowes.com/Fencing/Vinyl-Fencing/Vinyl-Fence-Post-Jackets/_/N-1z138z4Z1z0wg4u/pl?Ns=p_product_qty_sales_dollar|1
http://www.lowes.com/Fertilizer-Weed-Control/Weed-Control/Liquid-Moss-Algae-Control/_/N-1z138z4Z1z0wghy/pl?Ns=p_product_qty_sales_dollar|1
http://www.lowes.com/Garden-Decor/Arbors-Trellises/Garden-Arbors/_/N-1z138z4Z1z0wggy/pl?Ns=p_product_qty_sales_dollar|1
http://www.lowes.com/Bird-Wildlife/Bird-Squirrel-Feeders/Suet-Feeders/_/N-1z138z4Z1z0wenb/pl?Ns=p_product_qty_sales_dollar|1
http://www.lowes.com/Bird-Wildlife/Bird-Squirrel-Food/Oriole-Hummingbird-Nectar/_/N-1z138z4Z1z0wemy/pl?Ns=p_product_qty_sales_dollar|1
http://www.lowes.com/Garden-Decor/Flags-Banners/Flag-Poles-Flag-Pole-Parts/_/N-1z138z4Z1z0wghm/pl?Ns=p_product_qty_sales_dollar|1
http://www.lowes.com/Garden-Decor/Fountains-Birdbaths-Statues/Gazing-Balls-Stands/_/N-1z138z4Z1z0wghh/pl?Ns=p_product_qty_sales_dollar|1
http://www.lowes.com/Outdoors/Grass-Grass-Seed/Seed-Blankets/_/N-1z138z4Z1z0wggv/pl?Ns=p_product_qty_sales_dollar|1
http://www.lowes.com/Grills-Outdoor-Cooking/Charcoal-Accessories/Charcoal-Baskets/_/N-1z138z4Z1z0wej9/pl?Ns=p_product_qty_sales_dollar|1
http://www.lowes.com/Grills-Outdoor-Cooking/Charcoal-Accessories/Electric-Charcoal-Starters/_/N-1z138z4Z1z0weja/pl?Ns=p_product_qty_sales_dollar|1
http://www.lowes.com/Grills-Outdoor-Cooking/Charcoal-Accessories/Lighters/_/N-1z138z4Z1z0wej7/pl?Ns=p_product_qty_sales_dollar|1
http://www.lowes.com/Grills-Outdoor-Cooking/Charcoal-Accessories/Matches/_/N-1z138z4Z1z0wej6/pl?Ns=p_product_qty_sales_dollar|1
http://www.lowes.com/Grills-Outdoor-Cooking/Fryers-Roasters/Gas-Turkey-Roasters/_/N-1z138z4Z1z0wel6/pl?Ns=p_product_qty_sales_dollar|1
http://www.lowes.com/Grills-Outdoor-Cooking/Grill-Parts/Gas-Grill-Burners/_/N-1z138z4Z1z0wekq/pl?Ns=p_product_qty_sales_dollar|1
http://www.lowes.com/Grills-Outdoor-Cooking/Grill-Parts/Lava-Rocks-Ceramic-Briquettes/_/N-1z138z4Z1z0wekk/pl?Ns=p_product_qty_sales_dollar|1
http://www.lowes.com/Grilling-Tools-Accessories/Grill-Cleaning-Mats/Grill-Cleaners-Cloths/_/N-1z138z4Z1z0wek9/pl?Ns=p_product_qty_sales_dollar|1
http://www.lowes.com/Grilling-Tools-Accessories/Grill-Cleaning-Mats/Replacement-Grill-Brush-Heads-Cleaning-Blocks/_/N-1z138z4Z1z0wek7/pl?Ns=p_product_qty_sales_dollar|1
http://www.lowes.com/Grilling-Tools-Accessories/Grill-Toppers-Rotisseries/Wood-Grilling-Planks/_/N-1z138z4Z1z0wejy/pl?Ns=p_product_qty_sales_dollar|1
http://www.lowes.com/Grilling-Tools-Accessories/Grilling-Tools-Apparel/Grilling-Apparel/_/N-1z138z4Z1z0wejn/pl?Ns=p_product_qty_sales_dollar|1
http://www.lowes.com/Grilling-Tools-Accessories/Marinades-Batters-Oils/Frying-Cooking-Oils/_/N-1z138z4Z1z0wejs/pl?Ns=p_product_qty_sales_dollar|1
http://www.lowes.com/Grills-Outdoor-Cooking/Grills/Pellet-Grills/_/N-1z138z4Z1z0wel0/pl?Ns=p_product_qty_sales_dollar|1
http://www.lowes.com/Grills-Outdoor-Cooking/Smokers/Charcoal-Horizontal-Smokers/_/N-1z138z4Z1z0weke/pl?Ns=p_product_qty_sales_dollar|1
http://www.lowes.com/Grills-Outdoor-Cooking/Smokers/Electric-Vertical-Smokers/_/N-1z138z4Z1z0wekg/pl?Ns=p_product_qty_sales_dollar|1
http://www.lowes.com/Grills-Outdoor-Cooking/Smokers/Gas-Vertical-Smokers/_/N-1z138z4Z1z0wekf/pl?Ns=p_product_qty_sales_dollar|1
http://www.lowes.com/Insect-Pest-Control/Lawn-Garden-Insect-Control/Bug-Zapper-Parts-Accessories/_/N-1z138z4Z1z0wgg0/pl?Ns=p_product_qty_sales_dollar|1
http://www.lowes.com/Outdoor-Tools-Equipment/Augers/Auger-Powerheads/_/N-1z138z4Z1z0wgah/pl?Ns=p_product_qty_sales_dollar|1
http://www.lowes.com/Outdoor-Tools-Equipment/Axes-Mauls-Log-Splitters/Axe-Maul-Accessories/_/N-1z138z4Z1z0wgf6/pl?Ns=p_product_qty_sales_dollar|1
http://www.lowes.com/Axes-Mauls-Log-Splitters/Log-Splitters/Electric-Log-Splitters/_/N-1z138z4Z1z0wgfc/pl?Ns=p_product_qty_sales_dollar|1
http://www.lowes.com/Outdoor-Tools-Equipment/Axes-Mauls-Log-Splitters/Splitting-Mauls/_/N-1z138z4Z1z0wgf8/pl?Ns=p_product_qty_sales_dollar|1
http://www.lowes.com/Outdoor-Tools-Equipment/Chainsaws-Pole-Saws/Chainsaw-Accessories/_/N-1z138z4Z1z0wgei/pl?Ns=p_product_qty_sales_dollar|1
http://www.lowes.com/Outdoor-Tools-Equipment/Chainsaws-Pole-Saws/Chainsaw-Bar-Chain-Oils/_/N-1z138z4Z1z0wgey/pl?Ns=p_product_qty_sales_dollar|1
http://www.lowes.com/Outdoor-Tools-Equipment/Chainsaws-Pole-Saws/Chainsaw-Chains/_/N-1z138z4Z1z0wgew/pl?Ns=p_product_qty_sales_dollar|1
http://www.lowes.com/Chainsaws-Pole-Saws/Pole-Pruning-Saws/Corded-Electric-Pole-Saws/_/N-1z138z4Z1z0wgeq/pl?Ns=p_product_qty_sales_dollar|1
http://www.lowes.com/Pole-Pruning-Saws/Pruning-Saws-Blades/Hand-Pruning-Saws/_/N-1z138z4Z1z0wgej/pl?Ns=p_product_qty_sales_dollar|1
http://www.lowes.com/Outdoor-Tools-Equipment/Lawn-Garden-Hand-Tools/Garden-Hand-Tool-Kits/_/N-1z138z4Z1z0wge8/pl?Ns=p_product_qty_sales_dollar|1
http://www.lowes.com/Outdoor-Tools-Equipment/Lawn-Garden-Hand-Tools/Specialty-Harvesting-Tools/_/N-1z138z4Z1z0wgdu/pl?Ns=p_product_qty_sales_dollar|1
http://www.lowes.com/Outdoors/Outdoor-Tools-Equipment/Lawn-Aerators/_/N-1z138z4Z1z0wgec/pl?Ns=p_product_qty_sales_dollar|1
http://www.lowes.com/Lawn-Mowers/Lawn-Mower-Attachments/Dethatchers/_/N-1z138z4Z1z0wgd1/pl?Ns=p_product_qty_sales_dollar|1
http://www.lowes.com/Lawn-Mowers/Lawn-Mower-Attachments/Dump-Carts/_/N-1z138z4Z1z0wgd0/pl?Ns=p_product_qty_sales_dollar|1
http://www.lowes.com/Lawn-Mowers/Lawn-Mower-Attachments/Lawn-Vacuums/_/N-1z138z4Z1z0wgcy/pl?Ns=p_product_qty_sales_dollar|1
http://www.lowes.com/Lawn-Mowers/Lawn-Mower-Attachments/Riding-Lawn-Mower-Canopies/_/N-1z138z4Z1z0wgd3/pl?Ns=p_product_qty_sales_dollar|1
http://www.lowes.com/Lawn-Mowers/Lawn-Mower-Parts-Accessories/Lawn-Mower-Seat-Covers/_/N-1z138z4Z1z0wgdi/pl?Ns=p_product_qty_sales_dollar|1
http://www.lowes.com/Outdoor-Tools-Equipment/Leaf-Blowers/Leaf-Blower-Accessories/_/N-1z138z4Z1z0wgf0/pl?Ns=p_product_qty_sales_dollar|1
http://www.lowes.com/Outdoors/Outdoor-Tools-Equipment/Power-Equipment-Combo-Kits/_/N-1z138z4Z1z0vwbm/pl?Ns=p_product_qty_sales_dollar|1
http://www.lowes.com/Outdoor-Tools-Equipment/Power-Equipment-Parts/Cordless-Outdoor-Power-Equipment-Battery-Chargers/_/N-1z138z4Z1z0wgcl/pl?Ns=p_product_qty_sales_dollar|1
http://www.lowes.com/Outdoor-Tools-Equipment/Power-Equipment-Parts/Power-Equipment-Fuel-Filters/_/N-1z138z4Z1z0wgcc/pl?Ns=p_product_qty_sales_dollar|1
http://www.lowes.com/Outdoor-Tools-Equipment/Power-Equipment-Parts/Pump-Saver/_/N-1z138z4Z1z0wgc9/pl?Ns=p_product_qty_sales_dollar|1
http://www.lowes.com/Outdoor-Tools-Equipment/Power-Equipment-Parts/Small-Engine-Replacement-Parts/_/N-1z138z4Z1z0wgc8/pl?Ns=p_product_qty_sales_dollar|1
http://www.lowes.com/Pressure-Washers/Pressure-Washer-Tools/Pressure-Washer-Hoses/_/N-1z138z4Z1z0wgbx/pl?Ns=p_product_qty_sales_dollar|1
http://www.lowes.com/Tillers-Cultivators/Powered-Tillers-Cultivators/Cordless-Electric-Cultivators/_/N-1z138z4Z1z0wgbk/pl?Ns=p_product_qty_sales_dollar|1
http://www.lowes.com/Outdoor-Tools-Equipment/Trimmers-Edgers/Grass-Shears/_/N-1z138z4Z1z0wgao/pl?Ns=p_product_qty_sales_dollar|1
http://www.lowes.com/Trimmers-Edgers/Hedge-Trimmers/Specialty-Pruning-Tools/_/N-1z138z4Z1z0wgbc/pl?Ns=p_product_qty_sales_dollar|1
http://www.lowes.com/Outdoor-Tools-Equipment/Trimmers-Edgers/Manual-Lawn-Edgers/_/N-1z138z4Z1z0wgb7/pl?Ns=p_product_qty_sales_dollar|1
http://www.lowes.com/Outdoor-Tools-Equipment/Trimmers-Edgers/Weeders/_/N-1z138z4Z1z0wgav/pl?Ns=p_product_qty_sales_dollar|1
http://www.lowes.com/Pavers-Retaining-Walls/Stones-Pavers/Jointing-Polymeric-Sand/_/N-1z138z4Z1z0wga2/pl?Ns=p_product_qty_sales_dollar|1
http://www.lowes.com/Pavers-Retaining-Walls/Stones-Pavers/Patio-Stone-Paver-Restraints/_/N-1z138z4Z1z0wga6/pl?Ns=p_product_qty_sales_dollar|1
http://www.lowes.com/Pavers-Retaining-Walls/Stones-Pavers/Paver-Base-Leveling-Sand/_/N-1z138z4Z1z0wga4/pl?Ns=p_product_qty_sales_dollar|1
http://www.lowes.com/Pavers-Retaining-Walls/Stones-Pavers/Paver-Base-Panels/_/N-1z138z4Z1z0wga3/pl?Ns=p_product_qty_sales_dollar|1
http://www.lowes.com/Plants-Planters/Plant-Stakes-Ties/Tree-Stakes-Ties/_/N-1z138z4Z1z0wg9t/pl?Ns=p_product_qty_sales_dollar|1
http://www.lowes.com/Plants-Bulbs-Seeds/Indoor-Tropical-Plants/Cacti-Succulents/_/N-1z138z4Z1z0wg95/pl?Ns=p_product_qty_sales_dollar|1
http://www.lowes.com/Plants-Bulbs-Seeds/Ornamental-Grasses-Ground-Cover/Ornamental-Grasses/_/N-1z138z4Z1z0wg93/pl?Ns=p_product_qty_sales_dollar|1
http://www.lowes.com/Plants-Planters/Plants-Bulbs-Seeds/Vines/_/N-1z138z4Z1z0wg8q/pl?Ns=p_product_qty_sales_dollar|1
http://www.lowes.com/Plants-Planters/Plants-Bulbs-Seeds/Watermelons/_/N-1z138z4Z1z0wg8w/pl?Ns=p_product_qty_sales_dollar|1
http://www.lowes.com/Playsets-Recreation/Commercial-Park-Equipment/Dog-Park-Amenities/_/N-1z138z4Z1z0weht/pl?Ns=p_product_qty_sales_dollar|1
http://www.lowes.com/Commercial-Park-Equipment/Park-Equipment/Park-Chairs/_/N-1z138z4Z1z0wehy/pl?Ns=p_product_qty_sales_dollar|1
http://www.lowes.com/Outdoor-Games-Toys/Kids-Tools-Building-Kits/Kids-Tool-Kits/_/N-1z138z4Z1z0wcf8/pl?Ns=p_product_qty_sales_dollar|1
http://www.lowes.com/Outdoor-Games-Toys/Kids-Tools-Building-Kits/Kids-Tools/_/N-1z138z4Z1z0wcfa/pl?Ns=p_product_qty_sales_dollar|1
http://www.lowes.com/Outdoor-Games-Toys/Sleds-Snow-Boards/Snow-Tubes/_/N-1z138z4Z1z0weiq/pl?Ns=p_product_qty_sales_dollar|1
http://www.lowes.com/Outdoors/Pools-Hot-Tubs/Hot-Tubs-Spas-Components/_/N-1z138z4Z1z0wehm/pl?Ns=p_product_qty_sales_dollar|1
http://www.lowes.com/Outdoors/Pools-Hot-Tubs/Kiddie-Pools/_/N-1z138z4Z1z0wehc/pl?Ns=p_product_qty_sales_dollar|1
http://www.lowes.com/Pool-Chemicals/Pool-Balancing-Chemicals/Muriatic-Acid/_/N-1z138z4Z1z0weh7/pl?Ns=p_product_qty_sales_dollar|1
http://www.lowes.com/Pools-Hot-Tubs/Pool-Chemicals/Pool-Test-Strips/_/N-1z138z4Z1z0weh1/pl?Ns=p_product_qty_sales_dollar|1
http://www.lowes.com/Pools-Hot-Tubs/Pool-Chemicals/Pool-Water-Clarifier/_/N-1z138z4Z1z0wegz/pl?Ns=p_product_qty_sales_dollar|1
http://www.lowes.com/Pools-Hot-Tubs/Pool-Maintenance/Pool-Alarms/_/N-1z138z4Z1z0wegs/pl?Ns=p_product_qty_sales_dollar|1
http://www.lowes.com/Pool-Maintenance/Pool-Filtration-Skimmer-Systems/Pool-Cartridge-Filters/_/N-1z138z4Z1z0wegi/pl?Ns=p_product_qty_sales_dollar|1
http://www.lowes.com/Pool-Maintenance/Pool-Filtration-Skimmer-Systems/Pool-Filter-Skimmer-System-Parts/_/N-1z138z4Z1z0wegg/pl?Ns=p_product_qty_sales_dollar|1
http://www.lowes.com/Pools-Hot-Tubs/Pool-Maintenance/Pool-Liners-Accessories/_/N-1z138z4Z1z0wegc/pl?Ns=p_product_qty_sales_dollar|1
http://www.lowes.com/Pool-Maintenance/Pool-Maintenance-Equipment/Pool-Organization-Storage/_/N-1z138z4Z1z0weg1/pl?Ns=p_product_qty_sales_dollar|1
http://www.lowes.com/Pool-Maintenance/Pool-Maintenance-Equipment/Pool-Poles/_/N-1z138z4Z1z0weg3/pl?Ns=p_product_qty_sales_dollar|1
http://www.lowes.com/Pool-Maintenance/Pool-Maintenance-Equipment/Pool-Vacuum-Heads/_/N-1z138z4Z1z0weg7/pl?Ns=p_product_qty_sales_dollar|1
http://www.lowes.com/Pool-Maintenance/Pool-Maintenance-Equipment/Pool-Vacuum-Brush-Skimmer-Parts/_/N-1z138z4Z1z0weg5/pl?Ns=p_product_qty_sales_dollar|1
http://www.lowes.com/Outdoors/Pools-Hot-Tubs/Pool-Winterizing-Accessories/_/N-1z138z4Z1z0vre0/pl?Ns=p_product_qty_sales_dollar|1
http://www.lowes.com/Outdoors/Snow-Removal-Prep/Snow-Plows-Accessories/_/N-1z138z4Z1z0wg7s/pl?Ns=p_product_qty_sales_dollar|1
http://www.lowes.com/Watering-Irrigation-Drainage/Garden-Hoses-Accessories/Lawn-Sprinkler-Guards/_/N-1z138z4Z1z0wg6v/pl?Ns=p_product_qty_sales_dollar|1
http://www.lowes.com/Watering-Irrigation-Drainage/Garden-Hoses-Accessories/Outdoor-Faucet-Covers-Freeze-Caps/_/N-1z138z4Z1z0wg75/pl?Ns=p_product_qty_sales_dollar|1
http://www.lowes.com/Watering-Irrigation-Drainage/Garden-Hoses-Accessories/Water-Shut-Offs/_/N-1z138z4Z1z0wg6w/pl?Ns=p_product_qty_sales_dollar|1
http://www.lowes.com/Watering-Irrigation-Drainage/Irrigation-Timers-Accessories/Hose-End-Irrigation-Timers/_/N-1z138z4Z1z0wg6r/pl?Ns=p_product_qty_sales_dollar|1
http://www.lowes.com/Watering-Irrigation-Drainage/Misting-Systems-Attachments/Misting-Attachments-Accessories/_/N-1z138z4Z1z0wems/pl?Ns=p_product_qty_sales_dollar|1
http://www.lowes.com/Watering-Irrigation-Drainage/Misting-Systems-Attachments/Misting-Systems/_/N-1z138z4Z1z0wemt/pl?Ns=p_product_qty_sales_dollar|1
http://www.lowes.com/Watering-Irrigation-Drainage/Underground-Irrigation/Manifold-Fittings/_/N-1z138z4Z1z0wg6g/pl?Ns=p_product_qty_sales_dollar|1
http://www.lowes.com/Paint/Buckets-Bucket-Lids/Bucket-Lids/_/N-1z138z4Z1z0wqlg/pl?Ns=p_product_qty_sales_dollar|1
http://www.lowes.com/Paint/Glues-Tapes/Epoxy/_/N-1z138z4Z1z0yyed/pl?Ns=p_product_qty_sales_dollar|1
http://www.lowes.com/Paint/Paint-Primer/Appliance-Touch-Up-Paint/_/N-1z138z4Z1z0wkip/pl?Ns=p_product_qty_sales_dollar|1
http://www.lowes.com/Paint/Paint-Brushes-Rollers-Kits/Paint-Stencils/_/N-1z138z4Z1z0yyes/pl?Ns=p_product_qty_sales_dollar|1
http://www.lowes.com/Paint-Sprayers/Paint-Sprayer-Repair-Accessories/Paint-Sprayer-Cups-Liners/_/N-1z138z4Z1z0wd7h/pl?Ns=p_product_qty_sales_dollar|1
http://www.lowes.com/Paint-Sprayers/Paint-Sprayer-Repair-Accessories/Paint-Sprayer-Hoses/_/N-1z138z4Z1z0wd7a/pl?Ns=p_product_qty_sales_dollar|1
http://www.lowes.com/Paint/Sandpaper-Steel-Wool/Sanding-Blocks/_/N-1z138z4Z1z0wcfg/pl?Ns=p_product_qty_sales_dollar|1
http://www.lowes.com/Hidden-Catalogs/Personal-Care-Grooming/Moisturizers/_/N-1z138z4Z1z0w5ut/pl?Ns=p_product_qty_sales_dollar|1
http://www.lowes.com/Plumbing/Augers-Plungers-Drain-Openers/Drain-Openers/_/N-1z138z4Z1z10ebz/pl?Ns=p_product_qty_sales_dollar|1
http://www.lowes.com/Plumbing/Augers-Plungers-Drain-Openers/Hand-Augers/_/N-1z138z4Z1z10xua/pl?Ns=p_product_qty_sales_dollar|1
http://www.lowes.com/Plumbing/Augers-Plungers-Drain-Openers/Plungers/_/N-1z138z4Z1z10xuc/pl?Ns=p_product_qty_sales_dollar|1
http://www.lowes.com/Pipe-Fittings/PEX-Pipe-Fittings/PEX-Compression-Fittings/_/N-1z138z4Z1z10xvr/pl?Ns=p_product_qty_sales_dollar|1
http://www.lowes.com/Pipe-Fittings/Pipe-Insulation/Pipe-Wrap-Insulation/_/N-1z138z4Z1z0zq5r/pl?Ns=p_product_qty_sales_dollar|1
http://www.lowes.com/Plumbing-Parts-Repair/Bathtub-Parts-Repair/Whirlpool-Tub-Air-Bath-Cleaners/_/N-1z138z4Z1z0x512/pl?Ns=p_product_qty_sales_dollar|1
http://www.lowes.com/Plumbing-Parts-Repair/Bathtub-Parts-Repair/Whirlpool-Tub-Air-Bath-Heaters/_/N-1z138z4Z1z0x513/pl?Ns=p_product_qty_sales_dollar|1
http://www.lowes.com/Plumbing-Parts-Repair/Faucet-Parts-Repair/Faucet-Balls/_/N-1z138z4Z1z0x13l/pl?Ns=p_product_qty_sales_dollar|1
http://www.lowes.com/Plumbing-Parts-Repair/Faucet-Parts-Repair/Faucet-Seats/_/N-1z138z4Z1z0x13p/pl?Ns=p_product_qty_sales_dollar|1
http://www.lowes.com/Plumbing-Parts-Repair/Sink-Parts-Repair/Decorative-P-Traps-Bottle-Traps/_/N-1z138z4Z1z0zgua/pl?Ns=p_product_qty_sales_dollar|1
http://www.lowes.com/Plumbing-Parts-Repair/Toilet-Parts-Repair/Toilet-Fill-Valve-Repair-Parts/_/N-1z138z4Z1z0x515/pl?Ns=p_product_qty_sales_dollar|1
http://www.lowes.com/Plumbing-Parts-Repair/Toilet-Parts-Repair/Toilet-Tank-Balls/_/N-1z138z4Z1z0zguf/pl?Ns=p_product_qty_sales_dollar|1
http://www.lowes.com/Plumbing/Utility-Sinks-Faucets/Utility-Sink-Faucets/_/N-1z138z4Z1z0x13e/pl?Ns=p_product_qty_sales_dollar|1
http://www.lowes.com/Plumbing/Water-Heaters/Hybrid-Water-Heaters/_/N-1z138z4Z1z0zp1j/pl?Ns=p_product_qty_sales_dollar|1
http://www.lowes.com/Safety/Clothing-Apparel/Hats/_/N-1z138z4Z1z0x57w/pl?Ns=p_product_qty_sales_dollar|1
http://www.lowes.com/Hidden-Catalogs/Safety/First-Aid/_/N-1z138z4Z1z0x58r/pl?Ns=p_product_qty_sales_dollar|1
http://www.lowes.com/Safety/Jobsite-Safety/Back-Braces-Suspenders/_/N-1z138z4Z1z0x596/pl?Ns=p_product_qty_sales_dollar|1
http://www.lowes.com/Safety/Smoke-Carbon-Monoxide-and-Radon-Detectors/Radon-Detectors/_/N-1z138z4Z1z0x59f/pl?Ns=p_product_qty_sales_dollar|1
http://www.lowes.com/Hidden-Catalogs/Sports-Fitness/Beverage-Coolers/_/N-1z138z4Z1z0weqh/pl?Ns=p_product_qty_sales_dollar|1
http://www.lowes.com/Storage-Organization/Baskets-Storage-Containers/String-Light-Storage-Containers/_/N-1z138z4Z1z0x52r/pl?Ns=p_product_qty_sales_dollar|1
http://www.lowes.com/Closet-Organization/Garment-Racks-Covers/Garment-Rack-Covers/_/N-1z138z4Z1z0xzp3/pl?Ns=p_product_qty_sales_dollar|1
http://www.lowes.com/Closet-Organization/Garment-Racks-Covers/Garment-Racks/_/N-1z138z4Z1z0xzp4/pl?Ns=p_product_qty_sales_dollar|1
http://www.lowes.com/Wire-Closet-Shelving/Fixed-Mount-Wire-Shelving/Fixed-Mount-Shelving-Braces-Support-Poles/_/N-1z138z4Z1z0y4hv/pl?Ns=p_product_qty_sales_dollar|1
http://www.lowes.com/Wire-Closet-Shelving/Fixed-Mount-Wire-Shelving/Fixed-Mount-Shelving-Kits/_/N-1z138z4Z1z0y4hw/pl?Ns=p_product_qty_sales_dollar|1
http://www.lowes.com/Kitchen-Organization/Canning-Food-Preservation/Canning-Jar-Lids/_/N-1z138z4Z1z0wgin/pl?Ns=p_product_qty_sales_dollar|1
http://www.lowes.com/Storage-Organization/Kitchen-Organization/Dish-Racks-Trays/_/N-1z138z4Z1z0ydo2/pl?Ns=p_product_qty_sales_dollar|1
http://www.lowes.com/Storage-Organization/Laundry-Organization/Clothespins/_/N-1z138z4Z1z0ylyg/pl?Ns=p_product_qty_sales_dollar|1
http://www.lowes.com/Storage-Organization/Laundry-Organization/Laundry-Organizer-Accessories/_/N-1z138z4Z1z11pev/pl?Ns=p_product_qty_sales_dollar|1
http://www.lowes.com/Storage-Organization/Moving-Supplies/Moving-Straps/_/N-1z138z4Z1z0ylxo/pl?Ns=p_product_qty_sales_dollar|1
http://www.lowes.com/Air-Tools-Compressors/Air-Tools-Accessories/Air-Cut-Off-Tools/_/N-1z138z4Z1z0ylz4/pl?Ns=p_product_qty_sales_dollar|1
http://www.lowes.com/Air-Tools-Compressors/Air-Tools-Accessories/Air-Hammers/_/N-1z138z4Z1z10r6w/pl?Ns=p_product_qty_sales_dollar|1
http://www.lowes.com/Air-Tools-Compressors/Air-Tools-Accessories/Air-Pumps/_/N-1z138z4Z1z10r6y/pl?Ns=p_product_qty_sales_dollar|1
http://www.lowes.com/Air-Tools-Compressors/Air-Tools-Accessories/Air-Ratchet-Wrenches/_/N-1z138z4Z1z10ord/pl?Ns=p_product_qty_sales_dollar|1
http://www.lowes.com/Hand-Tools/Cutting-Crimping-Tools/Cable-Cutters/_/N-1z138z4Z1z0yquk/pl?Ns=p_product_qty_sales_dollar|1
http://www.lowes.com/Hand-Tools/Grease-Guns-Fittings/Grease-Fittings/_/N-1z138z4Z1z0wcgw/pl?Ns=p_product_qty_sales_dollar|1
http://www.lowes.com/Hand-Tools/Grease-Guns-Fittings/Manual-Grease-Guns/_/N-1z138z4Z1z0wcgx/pl?Ns=p_product_qty_sales_dollar|1
http://www.lowes.com/Hand-Tools/Nut-Drivers-Keys/Nut-Driver-Sets/_/N-1z138z4Z1z0yhue/pl?Ns=p_product_qty_sales_dollar|1
http://www.lowes.com/Tools/Hand-Tools/Powder-Actuated-Tools-Kits/_/N-1z138z4Z1z0yu9w/pl?Ns=p_product_qty_sales_dollar|1
http://www.lowes.com/Hand-Tools/Punches-Knockout-Punch-Sets/Knockout-Punch-Sets/_/N-1z138z4Z1z0wcgq/pl?Ns=p_product_qty_sales_dollar|1
http://www.lowes.com/Hand-Tools/Ratchets-Breaker-Bars/Pass-Through-Ratchets/_/N-1z138z4Z1z0wcgm/pl?Ns=p_product_qty_sales_dollar|1
http://www.lowes.com/Hand-Tools/Ratchets-Breaker-Bars/Ratchet-Sets/_/N-1z138z4Z1z0wcgl/pl?Ns=p_product_qty_sales_dollar|1
http://www.lowes.com/Tools/Levels-Measuring-Tools/Transit-Levels/_/N-1z138z4Z1z0wcmd/pl?Ns=p_product_qty_sales_dollar|1
http://www.lowes.com/Power-Tools/Drill-Bits/Chisel-Mortising-Bits/_/N-1z138z4Z1z0wcjd/pl?Ns=p_product_qty_sales_dollar|1
http://www.lowes.com/Drill-Bits/Hole-Saws-Accessories/Hole-Saw-Arbors/_/N-1z138z4Z1z0wcj5/pl?Ns=p_product_qty_sales_dollar|1
http://www.lowes.com/Drill-Bits/Impact-Driver-Bits-Sets/Impact-Driver-Bits/_/N-1z138z4Z1z0wcjv/pl?Ns=p_product_qty_sales_dollar|1
http://www.lowes.com/Drills/Impact-Drivers-Wrenches/Corded-Impact-Drivers/_/N-1z138z4Z1z0wciz/pl?Ns=p_product_qty_sales_dollar|1
http://www.lowes.com/Tools/Power-Tools/Presses-Lathes/_/N-1z138z4Z1z0wcly/pl?Ns=p_product_qty_sales_dollar|1
http://www.lowes.com/Power-Tools/Rotary-Tools-Oscillating-Tools/Rotary-Tool-Attachments-Batteries/_/N-1z138z4Z1z0wclo/pl?Ns=p_product_qty_sales_dollar|1
http://www.lowes.com/Power-Tools/Router-Bits/Surface-Forming-Router-Bits/_/N-1z138z4Z1z0wclb/pl?Ns=p_product_qty_sales_dollar|1
http://www.lowes.com/Power-Tools/Router-Bits/Trim-Router-Bits/_/N-1z138z4Z1z0wcla/pl?Ns=p_product_qty_sales_dollar|1
http://www.lowes.com/Power-Tools/Routers/Router-Tables/_/N-1z138z4Z1z0wcl6/pl?Ns=p_product_qty_sales_dollar|1
http://www.lowes.com/Saw-Blades/Scroll-Saw-Blades-Sets/Scroll-Saw-Blade-Sets/_/N-1z138z4Z1z0wckl/pl?Ns=p_product_qty_sales_dollar|1
http://www.lowes.com/Power-Tools/Saws/Scroll-Saws/_/N-1z138z4Z1z0wck3/pl?Ns=p_product_qty_sales_dollar|1
http://www.lowes.com/Tools/Tool-Storage-Work-Benches/Creepers-Work-Seats/_/N-1z138z4Z1z11pdo/pl?Ns=p_product_qty_sales_dollar|1
http://www.lowes.com/Tools/Welding-Soldering/Handheld-Torches/_/N-1z138z4Z1z0wcii/pl?Ns=p_product_qty_sales_dollar|1
http://www.lowes.com/Tools/Welding-Soldering/Welders-Cutters/_/N-1z138z4Z1z0wcia/pl?Ns=p_product_qty_sales_dollar|1
http://www.lowes.com/Welding-Soldering/Welding-Safety-Apparel/Welding-Helmets/_/N-1z138z4Z1z0wchw/pl?Ns=p_product_qty_sales_dollar|1
http://www.lowes.com/Windows-Doors/Garage-Doors-Openers/Garage-Door-Opener-Keypads/_/N-1z138z4Z1z0zp1p/pl?Ns=p_product_qty_sales_dollar|1
http://www.lowes.com/Windows/Window-Screens/Screen-Tools/_/N-1z138z4Z1z0zvk9/pl?Ns=p_product_qty_sales_dollar|1
