http://www.lowes.com/Appliances/Dishwashers/Built-In-Dishwashers/_/N-1z138z4Z1z11pl0/pl?Ns=p_product_qty_sales_dollar|1?&rpp=32&page=2
http://www.lowes.com/Decorative-Hardware-Coordinates/Decorative-Bathroom-Hardware/Robe-Hooks/_/N-1z138z4Z1z0x14v/pl?Ns=p_product_qty_sales_dollar|1?&rpp=32&page=6
http://www.lowes.com/Decorative-Hardware-Coordinates/Decorative-Bathroom-Hardware/Robe-Hooks/_/N-1z138z4Z1z0x14v/pl?Ns=p_product_qty_sales_dollar|1?&rpp=32&page=7
http://www.lowes.com/Decorative-Hardware-Coordinates/Decorative-Bathroom-Hardware/Robe-Hooks/_/N-1z138z4Z1z0x14v/pl?Ns=p_product_qty_sales_dollar|1?&rpp=32&page=8
http://www.lowes.com/Decorative-Hardware-Coordinates/Decorative-Bathroom-Hardware/Toilet-Paper-Holders/_/N-1z138z4Z1z0x14x/pl?Ns=p_product_qty_sales_dollar|1?&rpp=32&page=7
http://www.lowes.com/Decorative-Hardware-Coordinates/Decorative-Bathroom-Hardware/Toilet-Paper-Holders/_/N-1z138z4Z1z0x14x/pl?Ns=p_product_qty_sales_dollar|1?&rpp=32&page=8
http://www.lowes.com/Decorative-Hardware-Coordinates/Decorative-Bathroom-Hardware/Toilet-Paper-Holders/_/N-1z138z4Z1z0x14x/pl?Ns=p_product_qty_sales_dollar|1?&rpp=32&page=9
http://www.lowes.com/Decorative-Hardware-Coordinates/Decorative-Bathroom-Hardware/Toilet-Paper-Holders/_/N-1z138z4Z1z0x14x/pl?Ns=p_product_qty_sales_dollar|1?&rpp=32&page=10
http://www.lowes.com/Decorative-Hardware-Coordinates/Decorative-Bathroom-Hardware/Towel-Bars/_/N-1z138z4Z1z0x14w/pl?Ns=p_product_qty_sales_dollar|1?&rpp=32&page=10
http://www.lowes.com/Decorative-Hardware-Coordinates/Decorative-Bathroom-Hardware/Towel-Bars/_/N-1z138z4Z1z0x14w/pl?Ns=p_product_qty_sales_dollar|1?&rpp=32&page=29
http://www.lowes.com/Decorative-Hardware-Coordinates/Decorative-Bathroom-Hardware/Towel-Bars/_/N-1z138z4Z1z0x14w/pl?Ns=p_product_qty_sales_dollar|1?&rpp=32&page=30
http://www.lowes.com/Decorative-Hardware-Coordinates/Decorative-Bathroom-Hardware/Towel-Bars/_/N-1z138z4Z1z0x14w/pl?Ns=p_product_qty_sales_dollar|1?&rpp=32&page=32
http://www.lowes.com/Decorative-Hardware-Coordinates/Decorative-Bathroom-Hardware/Towel-Bars/_/N-1z138z4Z1z0x14w/pl?Ns=p_product_qty_sales_dollar|1?&rpp=32&page=33
http://www.lowes.com/Decorative-Hardware-Coordinates/Decorative-Bathroom-Hardware/Towel-Bars/_/N-1z138z4Z1z0x14w/pl?Ns=p_product_qty_sales_dollar|1?&rpp=32&page=34
http://www.lowes.com/Decorative-Hardware-Coordinates/Decorative-Bathroom-Hardware/Towel-Bars/_/N-1z138z4Z1z0x14w/pl?Ns=p_product_qty_sales_dollar|1?&rpp=32&page=35
http://www.lowes.com/Decorative-Hardware-Coordinates/Decorative-Bathroom-Hardware/Towel-Bars/_/N-1z138z4Z1z0x14w/pl?Ns=p_product_qty_sales_dollar|1?&rpp=32&page=36
http://www.lowes.com/Decorative-Hardware-Coordinates/Decorative-Bathroom-Hardware/Towel-Bars/_/N-1z138z4Z1z0x14w/pl?Ns=p_product_qty_sales_dollar|1?&rpp=32&page=37
http://www.lowes.com/Decorative-Hardware-Coordinates/Decorative-Bathroom-Hardware/Towel-Bars/_/N-1z138z4Z1z0x14w/pl?Ns=p_product_qty_sales_dollar|1?&rpp=32&page=38
http://www.lowes.com/Decorative-Hardware-Coordinates/Decorative-Bathroom-Hardware/Towel-Bars/_/N-1z138z4Z1z0x14w/pl?Ns=p_product_qty_sales_dollar|1?&rpp=32&page=39
http://www.lowes.com/Decorative-Hardware-Coordinates/Decorative-Bathroom-Hardware/Towel-Bars/_/N-1z138z4Z1z0x14w/pl?Ns=p_product_qty_sales_dollar|1?&rpp=32&page=40
http://www.lowes.com/Decorative-Hardware-Coordinates/Decorative-Bathroom-Hardware/Towel-Rings/_/N-1z138z4Z1z0x14z/pl?Ns=p_product_qty_sales_dollar|1?&rpp=32&page=5
http://www.lowes.com/Decorative-Hardware-Coordinates/Decorative-Bathroom-Hardware/Towel-Rings/_/N-1z138z4Z1z0x14z/pl?Ns=p_product_qty_sales_dollar|1?&rpp=32&page=6
http://www.lowes.com/Decorative-Hardware-Coordinates/Decorative-Bathroom-Hardware/Towel-Rings/_/N-1z138z4Z1z0x14z/pl?Ns=p_product_qty_sales_dollar|1?&rpp=32&page=7
http://www.lowes.com/Decorative-Hardware-Coordinates/Decorative-Bathroom-Hardware/Towel-Rings/_/N-1z138z4Z1z0x14z/pl?Ns=p_product_qty_sales_dollar|1?&rpp=32&page=8
http://www.lowes.com/Flooring/Area-Rugs-Mats/Area-Rugs/_/N-1z138z4Z1z11oio/pl?Ns=p_product_qty_sales_dollar|1?&rpp=32&page=159
http://www.lowes.com/Flooring/Area-Rugs-Mats/Area-Rugs/_/N-1z138z4Z1z11oio/pl?Ns=p_product_qty_sales_dollar|1?&rpp=32&page=226
http://www.lowes.com/Flooring/Area-Rugs-Mats/Area-Rugs/_/N-1z138z4Z1z11oio/pl?Ns=p_product_qty_sales_dollar|1?&rpp=32&page=241
http://www.lowes.com/Flooring/Area-Rugs-Mats/Area-Rugs/_/N-1z138z4Z1z11oio/pl?Ns=p_product_qty_sales_dollar|1?&rpp=32&page=251
http://www.lowes.com/Flooring/Area-Rugs-Mats/Area-Rugs/_/N-1z138z4Z1z11oio/pl?Ns=p_product_qty_sales_dollar|1?&rpp=32&page=255
http://www.lowes.com/Paint/Paint-Primer/Interior-Paint/_/N-1z138z4Z1z0yye5/pl?Ns=p_product_qty_sales_dollar|1?&rpp=32&page=73
http://www.lowes.com/Paint/Paint-Primer/Interior-Paint/_/N-1z138z4Z1z0yye5/pl?Ns=p_product_qty_sales_dollar|1?&rpp=32&page=74
http://www.lowes.com/Paint/Paint-Primer/Interior-Paint/_/N-1z138z4Z1z0yye5/pl?Ns=p_product_qty_sales_dollar|1?&rpp=32&page=92
http://www.lowes.com/Windows-Doors/Windows/Single-Hung-Windows/_/N-1z138z4Z1z0zvkg/pl?Ns=p_product_qty_sales_dollar|1?&rpp=32&page=5
